Metric,Seed Dataset,Generated Dataset
Distance,0.9110344849034576,0.9469455596825292
Dispersion,0.424185399763193,0.45460578145650354
Isocontour Radius,0.014068226279586187,0.016606920962233575
Vocabulary Size,65,256.0
Unique 3-grams,133,2459.0
Affinity,N/A,0.9090921421630194
